name,datetime,temp,feelslike,dew,humidity,precip,precipprob,preciptype,snow,snowdepth,windgust,windspeed,winddir,sealevelpressure,cloudcover,visibility,solarradiation,solarenergy,uvindex,severerisk,conditions,icon,stations
Ann Arbor,2024-07-25T00:00:00,18.1,18.1,15.7,85.97,0,0,,0,0,11.2,7.6,300,1020,0.8,16,0,0,0,10,Clear,clear-night,"KARB,KYIP,C4874,KDTW"
Ann Arbor,2024-07-25T01:00:00,18.6,18.6,16.2,86.13,0,0,,0,0,11.2,10.8,292,1020.5,1.7,16,0,0,0,10,Clear,clear-night,"KARB,KYIP,C4874,KDTW"
Ann Arbor,2024-07-25T02:00:00,15.4,15.4,14.6,94.76,0,0,,0,0,9.4,0.6,355,1020.6,0.8,11.7,0,0,0,10,Clear,clear-night,"KARB,KYIP,C4874,KDTW"
Ann Arbor,2024-07-25T03:00:00,14.3,14.3,14.1,98.72,0,0,,0,0,11.2,0.8,358,1020.7,0.8,3.2,0,0,0,10,Clear,clear-night,"KARB,KYIP,C4874,KDTW"
Ann Arbor,2024-07-25T04:00:00,14.3,14.3,14.1,98.83,0,0,,0,0,11.2,0.3,1,1020.9,50,4.6,0,0,0,10,Partially cloudy,partly-cloudy-night,"KARB,KYIP,C4874,KDTW"
Ann Arbor,2024-07-25T05:00:00,17.3,17.3,16.2,93.26,0,0,,0,0,13,5.5,40,1020.8,83.7,14.2,0,0,0,10,Partially cloudy,partly-cloudy-night,"KARB,KYIP,C4874,KDTW"
Ann Arbor,2024-07-25T06:00:00,16.8,16.8,15.8,93.64,0,0,,0,0,13,5.8,26,1021.1,34.3,16,0,0,0,3,Partially cloudy,partly-cloudy-night,"KARB,KYIP,C4874,KDTW"
Ann Arbor,2024-07-25T07:00:00,16.8,16.8,15.1,90.06,0,0,,0,0,13,5.4,17,1021.5,48.4,15.9,20,0.1,0,10,Partially cloudy,partly-cloudy-day,"KARB,KYIP,C4874,KDTW"
Ann Arbor,2024-07-25T08:00:00,18.4,18.4,16.2,87.3,0,0,,0,0,14.8,9.6,352,1022.1,88,15.9,95,0.3,1,10,Partially cloudy,partly-cloudy-day,"KARB,KYIP,C4874,KDTW"
Ann Arbor,2024-07-25T09:00:00,20.6,20.6,16.6,77.67,0,0,,0,0,14.8,9.4,6,1022.5,34.3,16,306,1.1,3,10,Partially cloudy,partly-cloudy-day,"KARB,KYIP,C4874,KDTW"
Ann Arbor,2024-07-25T10:00:00,20,20,16.7,81.3,0,2,,0,0,14.8,9.4,0,1022,39,16.2,465,1.7,5,10,Partially cloudy,partly-cloudy-day,
Ann Arbor,2024-07-25T11:00:00,21.7,21.7,16.2,70.93,0,2,,0,0,16.6,11.2,0,1022,27,16.2,637,2.3,6,10,Partially cloudy,partly-cloudy-day,
Ann Arbor,2024-07-25T12:00:00,22.8,22.8,15.6,63.84,0.3,2,rain,0,0,16.6,11.2,350,1022,27,16.2,661,2.4,7,10,Partially cloudy,partly-cloudy-day,
Ann Arbor,2024-07-25T13:00:00,23.9,23.9,15,57.48,0,2,,0,0,16.6,11.2,350,1022,22,16.2,751,2.7,8,10,Partially cloudy,partly-cloudy-day,
Ann Arbor,2024-07-25T14:00:00,24.5,24.5,14.5,53.69,0,0,,0,0,16.6,13,350,1022,22,16.2,832,3,8,10,Partially cloudy,partly-cloudy-day,
Ann Arbor,2024-07-25T15:00:00,25,25,14.5,52.11,0,0,,0,0,16.6,11.2,350,1022,20,16.2,849,3.1,8,10,Clear,clear-day,
Ann Arbor,2024-07-25T16:00:00,25.6,25.6,13.9,48.37,0,0,,0,0,16.6,11.2,350,1022,15,16.2,801,2.9,8,10,Clear,clear-day,
Ann Arbor,2024-07-25T17:00:00,25,25,13.9,50.12,0,0,,0,0,16.6,13,350,1021,11,16.2,684,2.5,7,10,Clear,clear-day,
Ann Arbor,2024-07-25T18:00:00,24.5,24.5,13.4,49.99,0,0,,0,0,16.6,11.2,350,1021,9,16.2,527,1.9,5,10,Clear,clear-day,
Ann Arbor,2024-07-25T19:00:00,23.9,23.9,13.4,51.82,0,0,,0,0,16.6,11.2,350,1021,5,16.2,352,1.3,4,10,Clear,clear-day,
Ann Arbor,2024-07-25T20:00:00,22.3,22.3,13.4,57.09,0,0,,0,0,16.6,9.4,360,1021,9,16.2,209,0.8,2,10,Clear,clear-day,
Ann Arbor,2024-07-25T21:00:00,20.6,20.6,13.4,63.36,0,0,,0,0,14.8,7.6,10,1021,10,16.2,8,0,0,10,Clear,clear-day,
Ann Arbor,2024-07-25T22:00:00,18.4,18.4,13.4,72.65,0,0,,0,0,11.2,5.4,30,1021,7,16.2,5,0,0,10,Clear,clear-night,
Ann Arbor,2024-07-25T23:00:00,17.3,17.3,13.4,77.85,0,0,,0,0,11.2,5.4,60,1021,6,16.2,3,0,0,10,Clear,clear-night,
Ann Arbor,2024-07-26T00:00:00,16.2,16.2,13.4,83.49,0,0,,0,0,11.2,5.4,70,1022,4,16.2,3,0,0,10,Clear,clear-night,
Ann Arbor,2024-07-26T01:00:00,15,15,13.4,90.16,0,0,,0,0,9.4,5.4,80,1022,2,16.2,2,0,0,10,Clear,clear-night,
Ann Arbor,2024-07-26T02:00:00,14.5,14.5,12.8,89.53,0,0,,0,0,9.4,3.6,80,1022,3,16.2,2,0,0,10,Clear,clear-night,
Ann Arbor,2024-07-26T03:00:00,13.9,13.9,12.3,90.08,0,0,,0,0,9.4,3.6,70,1022,3,16.3,0,0,0,10,Clear,clear-night,
Ann Arbor,2024-07-26T04:00:00,12.8,12.8,11.7,93.02,0,0,,0,0,9.4,3.6,50,1022,5,16.3,0,0,0,10,Clear,clear-night,
Ann Arbor,2024-07-26T05:00:00,12.3,12.3,11.7,96.12,0,0,,0,0,7.6,3.6,40,1022,7,16.3,0,0,0,10,Clear,clear-night,
Ann Arbor,2024-07-26T06:00:00,12.3,12.3,11.2,93,0,0,,0,0,7.6,3.6,30,1022,7,16.3,0,0,0,10,Clear,clear-night,
Ann Arbor,2024-07-26T07:00:00,11.7,11.7,11.7,100,0,0,,0,0,7.6,3.6,20,1023,8,16.3,37,0.1,0,10,Clear,clear-day,
Ann Arbor,2024-07-26T08:00:00,13.4,13.4,12.8,96.16,0,0,,0,0,7.6,3.6,10,1023,3,16.3,168,0.6,2,10,Clear,clear-day,
Ann Arbor,2024-07-26T09:00:00,15.6,15.6,13.4,86.75,0,0,,0,0,9.4,3.6,40,1023,6,16.3,377,1.4,4,10,Clear,clear-day,
Ann Arbor,2024-07-26T10:00:00,19.5,19.5,12.8,65.22,0,0,,0,0,11.2,5.4,60,1023,6,16.3,532,1.9,5,10,Clear,clear-day,
Ann Arbor,2024-07-26T11:00:00,21.2,21.2,12.3,56.82,0,0,,0,0,13,5.4,60,1023,1,16.3,688,2.5,7,10,Clear,clear-day,
Ann Arbor,2024-07-26T12:00:00,22.8,22.8,12.3,51.54,0,0,,0,0,13,5.4,70,1022,2,16.3,763,2.7,8,10,Clear,clear-day,
Ann Arbor,2024-07-26T13:00:00,24.5,24.5,11.7,44.72,0,0,,0,0,13,7.6,80,1022,3,16.3,860,3.1,9,10,Clear,clear-day,
Ann Arbor,2024-07-26T14:00:00,25,25,11.7,43.4,0,0,,0,0,13,7.6,90,1021,3,16.2,880,3.2,9,10,Clear,clear-day,
Ann Arbor,2024-07-26T15:00:00,25.6,25.6,11.7,41.88,0,0,,0,0,13,7.6,80,1020,4,16.2,816,2.9,8,10,Clear,clear-day,
Ann Arbor,2024-07-26T16:00:00,25.6,25.6,12.3,43.57,0,0,,0,0,13,5.4,90,1020,6,16.2,753,2.7,8,10,Clear,clear-day,
Ann Arbor,2024-07-26T17:00:00,26.2,26.2,12.3,42.05,0,0,,0,0,13,5.4,90,1019,7,16.2,689,2.5,7,10,Clear,clear-day,
Ann Arbor,2024-07-26T18:00:00,25.6,25.6,12.8,45.02,0,0,,0,0,13,5.4,100,1019,6,16.2,536,1.9,5,10,Clear,clear-day,
Ann Arbor,2024-07-26T19:00:00,24.5,24.5,13.4,49.99,0,0,,0,0,14,6.5,115,1019,5,16.2,383,1.4,4,10,Clear,clear-day,
Ann Arbor,2024-07-26T20:00:00,23.4,23.4,13.9,55.18,0,0,,0,0,14.8,7.6,130,1019,4,16.2,230,0.8,2,10,Clear,clear-day,
Ann Arbor,2024-07-26T21:00:00,21.5,21.5,14.1,62.74,0,0,,0,0,12.2,6.1,136.7,1019,3.7,16.2,155,0.6,2,10,Clear,clear-day,
Ann Arbor,2024-07-26T22:00:00,19.7,19.7,14.3,71.02,0,0,,0,0,10.1,5,143.3,1019,3.3,16.3,79,0.3,0,10,Clear,clear-night,
Ann Arbor,2024-07-26T23:00:00,17.8,17.8,14.5,81.02,0,0,,0,0,7.6,3.6,150,1020,3,16.3,4,0,0,10,Clear,clear-night,
Ann Arbor,2024-07-27T00:00:00,17.1,17.1,14.3,83.59,0,0,,0,0,6.8,2.9,143.3,1020,3.3,16.3,3,0,0,10,Clear,clear-night,
Ann Arbor,2024-07-27T01:00:00,16.3,16.3,14.1,86.82,0,0,,0,0,6.1,2.5,136.7,1019,3.7,16.3,3,0,0,10,Clear,clear-night,
Ann Arbor,2024-07-27T02:00:00,15.6,15.6,13.9,89.62,0,0,,0,0,5.4,1.8,130,1020,4,16.3,2,0,0,10,Clear,clear-night,
Ann Arbor,2024-07-27T03:00:00,15,15,13.7,91.93,0,0,,0,0,5.4,1.8,106.7,1020,5,16.3,1,0,0,10,Clear,clear-night,
Ann Arbor,2024-07-27T04:00:00,14.5,14.5,13.6,94.33,0,0,,0,0,5.4,1.8,83.3,1021,6,16.3,1,0,0,10,Clear,clear-night,
Ann Arbor,2024-07-27T05:00:00,13.9,13.9,13.4,96.8,0,0,,0,0,5.4,1.8,60,1021,7,16.3,0,0,0,10,Clear,clear-night,
Ann Arbor,2024-07-27T06:00:00,14.7,14.7,13.8,94.34,0,0,,0,0,6.8,2.5,63.3,1021,6,16.3,22,0.1,0,10,Clear,clear-night,
Ann Arbor,2024-07-27T07:00:00,15.4,15.4,14.1,91.96,0,0,,0,0,7.9,2.9,66.7,1021,5,16.3,45,0.2,0,10,Clear,clear-day,
Ann Arbor,2024-07-27T08:00:00,16.2,16.2,14.5,89.66,0,0,,0,0,9.4,3.6,70,1021,4,16.3,67,0.2,1,10,Clear,clear-day,
Ann Arbor,2024-07-27T09:00:00,18.6,18.6,15.1,80.09,0,0,,0,0,11.2,4.3,90,1022,3.3,16.3,207,0.7,2,10,Clear,clear-day,
Ann Arbor,2024-07-27T10:00:00,21,21,15.6,71.26,0,0,,0,0,13,4.7,110,1022,2.7,16.3,346,1.2,3,10,Clear,clear-day,
Ann Arbor,2024-07-27T11:00:00,23.4,23.4,16.2,63.97,0,0,,0,0,14.8,5.4,130,1022,2,16.3,486,1.7,5,10,Clear,clear-day,
Ann Arbor,2024-07-27T12:00:00,24.5,24.5,16,59.12,0,0,,0,0,16.6,6.8,136.7,1021,2.3,16.3,550,2,6,10,Clear,clear-day,
Ann Arbor,2024-07-27T13:00:00,25.6,25.6,15.8,54.67,0,0,,0,0,18.7,7.9,143.3,1021,2.7,16.3,615,2.2,6,10,Clear,clear-day,
Ann Arbor,2024-07-27T14:00:00,26.7,26.7,15.6,50.57,0,0,,0,0,20.5,9.4,150,1020,3,16.3,679,2.4,7,10,Clear,clear-day,
Ann Arbor,2024-07-27T15:00:00,26.9,27.3,15.6,49.98,0,0,,0,0,20.5,9.4,150,1020,3.7,16.3,726,2.6,7,10,Clear,clear-day,
Ann Arbor,2024-07-27T16:00:00,27.1,27.4,15.6,49.4,0,0,,0,0,20.5,9.4,150,1019,4.3,16.3,774,2.8,8,10,Clear,clear-day,
Ann Arbor,2024-07-27T17:00:00,27.3,27.6,15.6,48.82,0,0,,0,0,20.5,9.4,150,1019,5,16.3,821,3,8,10,Clear,clear-day,
Ann Arbor,2024-07-27T18:00:00,26.5,26.5,15.8,51.83,0,1,,0,0,19.1,8.6,146.7,1019,6.3,16.3,746,2.7,7,10,Clear,clear-day,
Ann Arbor,2024-07-27T19:00:00,25.8,25.8,16,54.72,0,1,,0,0,18,8.3,143.3,1019,7.7,16.3,672,2.4,7,10,Clear,clear-day,
Ann Arbor,2024-07-27T20:00:00,25,25,16.2,58.12,0,1,,0,0,16.6,7.6,140,1019,9,16.3,597,2.1,6,10,Clear,clear-day,
Ann Arbor,2024-07-27T21:00:00,22.9,22.9,16,65.1,0,1,,0,0,15.5,7.6,146.7,1019,9,16.3,402,1.4,0,10,Clear,clear-night,
Ann Arbor,2024-07-27T22:00:00,21.1,21.1,15.9,72.2,0,1,,0,0,13.7,6.8,143.3,1020,10,16.3,207,0.7,0,10,Clear,clear-night,
Ann Arbor,2024-07-27T23:00:00,19.2,19.2,15.7,80.17,0,1,,0,0,11.9,5.8,140,1020,11,16.3,12,0,0,10,Clear,clear-night,
Ann Arbor,2024-07-28T00:00:00,18.6,18.6,15.8,83.76,0,1,,0,0,11.5,5.4,140,1020,14,16.3,10,0,0,10,Clear,clear-night,
Ann Arbor,2024-07-28T01:00:00,18,18,15.9,87.53,0,1,,0,0,10.8,4.7,140,1020,17,16.3,8,0,0,10,Clear,clear-night,
Ann Arbor,2024-07-28T02:00:00,17.4,17.4,16,91.49,0,1,,0,0,10.4,4.3,140,1020,20,16.3,6,0,0,10,Clear,clear-night,
Ann Arbor,2024-07-28T03:00:00,17.3,17.3,16,92.07,0,4,,0,0,10.4,4,136.7,1020,24.3,16.3,4,0,0,10,Partially cloudy,partly-cloudy-night,
Ann Arbor,2024-07-28T04:00:00,17.1,17.1,15.9,92.65,0,4,,0,0,10.4,3.2,133.3,1019,28.7,16.3,2,0,0,10,Partially cloudy,partly-cloudy-night,
Ann Arbor,2024-07-28T05:00:00,17,17,15.9,93.24,0,4,,0,0,10.4,2.9,130,1019,33,16.3,0,0,0,10,Partially cloudy,partly-cloudy-night,
Ann Arbor,2024-07-28T06:00:00,17.4,17.4,16.3,93.26,0,4,,0,0,10.8,3.2,136.7,1019,34.7,16.3,5,0,0,10,Partially cloudy,partly-cloudy-night,
Ann Arbor,2024-07-28T07:00:00,17.8,17.8,16.6,92.69,0,4,,0,0,11.2,4,143.3,1020,36.3,16.3,10,0,0,10,Partially cloudy,partly-cloudy-day,
Ann Arbor,2024-07-28T08:00:00,18.2,18.2,17,92.71,0,4,,0,0,11.5,4.3,150,1020,38,16.3,15,0.1,0,10,Partially cloudy,partly-cloudy-day,
Ann Arbor,2024-07-28T09:00:00,20.5,20.5,17.5,82.93,0,10,,0,0,14,5.4,160,1020,41,24.1,129,0.5,1,10,Partially cloudy,partly-cloudy-day,
Ann Arbor,2024-07-28T10:00:00,22.9,22.9,17.9,73.44,0,10,,0,0,16.6,6.1,170,1020,44,24.1,244,0.9,2,10,Partially cloudy,partly-cloudy-day,
Ann Arbor,2024-07-28T11:00:00,25.2,25.2,18.4,66,0,10,,0,0,19.1,7.2,180,1020,47,24.1,358,1.3,4,10,Partially cloudy,partly-cloudy-day,
Ann Arbor,2024-07-28T12:00:00,26.4,26.4,18.7,62.63,0,10,,0,0,20.5,8.3,183.3,1019,48.3,24.1,418,1.5,4,10,Partially cloudy,partly-cloudy-day,
Ann Arbor,2024-07-28T13:00:00,27.7,28.9,19.1,59.5,0,10,,0,0,22.3,9,186.7,1019,49.7,24.1,477,1.7,5,10,Partially cloudy,partly-cloudy-day,
Ann Arbor,2024-07-28T14:00:00,28.9,30.3,19.4,56.53,0,10,,0,0,23.8,10.1,190,1018,51,24.1,537,1.9,5,10,Partially cloudy,partly-cloudy-day,
Ann Arbor,2024-07-28T15:00:00,29,30.5,19.7,57.26,0,30,,0,0,23.8,10.4,190,1018,57.3,24.1,531,1.9,5,10,Partially cloudy,partly-cloudy-day,
Ann Arbor,2024-07-28T16:00:00,29.1,30.8,19.9,57.64,0,30,,0,0,23.4,11.2,190,1018,63.7,24.1,525,1.9,5,10,Partially cloudy,partly-cloudy-day,
Ann Arbor,2024-07-28T17:00:00,29.2,31,20.2,58.38,0.3,30,rain,0,0,23.4,11.5,190,1017,70,24.1,519,1.9,5,10,Partially cloudy,partly-cloudy-day,
Ann Arbor,2024-07-28T18:00:00,28.2,29.9,20.3,62.25,0,30,,0,0,22,10.4,190,1017,71,19,479,1.7,5,10,Partially cloudy,partly-cloudy-day,
Ann Arbor,2024-07-28T19:00:00,27.2,28.8,20.5,66.82,0,30,,0,0,20.5,9.7,190,1017,72,10.1,438,1.6,4,10,Partially cloudy,partly-cloudy-day,
Ann Arbor,2024-07-28T20:00:00,26.2,26.2,20.6,71.31,0,30,,0,0,19.1,8.6,190,1017,73,8.4,398,1.4,4,10,Partially cloudy,partly-cloudy-day,
Ann Arbor,2024-07-28T21:00:00,25.1,25.1,20.7,76.6,0,36,,0,0,18,7.6,193.3,1017,72.7,8.6,266,1,0,10,Partially cloudy,partly-cloudy-night,
Ann Arbor,2024-07-28T22:00:00,23.9,23.9,20.9,83.32,0,36,,0,0,16.9,6.8,196.7,1017,72.3,7.4,134,0.5,0,10,Partially cloudy,partly-cloudy-night,
Ann Arbor,2024-07-28T23:00:00,22.8,22.8,21,89.59,0,36,,0,0,15.8,5.8,200,1017,72,24.1,2,0,0,10,Partially cloudy,partly-cloudy-night,
Ann Arbor,2024-07-29T00:00:00,22.3,22.3,20.9,91.79,0,36,,0,0,15.5,5.8,200,1017,72.3,24.1,2,0,0,10,Partially cloudy,partly-cloudy-night,
Ann Arbor,2024-07-29T01:00:00,21.9,21.9,20.8,93.48,0,36,,0,0,15.1,5.8,200,1017,72.7,24.1,1,0,0,3,Partially cloudy,partly-cloudy-night,
Ann Arbor,2024-07-29T02:00:00,21.4,21.4,20.7,95.79,1.1,36,rain,0,0,14.8,5.8,200,1017,73,24.1,1,0,0,10,Partially cloudy,partly-cloudy-night,
Ann Arbor,2024-07-29T03:00:00,21.2,21.2,20.6,96.38,0,32,,0,0,15.1,6.1,203.3,1017,73,24.1,1,0,0,3,Partially cloudy,partly-cloudy-night,
Ann Arbor,2024-07-29T04:00:00,20.9,20.9,20.4,96.97,0,32,,0,0,15.5,6.8,206.7,1017,73,24.1,0,0,0,10,Partially cloudy,partly-cloudy-night,
Ann Arbor,2024-07-29T05:00:00,20.7,20.7,20.3,97.56,0.3,32,rain,0,0,15.8,7.2,210,1017,73,24.1,0,0,0,10,Partially cloudy,partly-cloudy-night,
Ann Arbor,2024-07-29T06:00:00,20.8,20.8,20.5,98.17,0,32,,0,0,16.9,7.6,210,1016,74,24.1,5,0,0,10,Partially cloudy,partly-cloudy-night,
Ann Arbor,2024-07-29T07:00:00,20.9,20.9,20.7,98.78,0,32,,0,0,17.6,8.3,210,1016,75,24.1,10,0,0,10,Partially cloudy,partly-cloudy-day,
Ann Arbor,2024-07-29T08:00:00,21,21,20.9,99.39,0,32,,0,0,18.7,8.6,210,1016,76,24.1,15,0.1,0,10,Partially cloudy,partly-cloudy-day,
Ann Arbor,2024-07-29T09:00:00,22.3,22.3,21.5,95.23,0,36,,0,0,20.5,9.7,210,1017,74.3,24.1,150,0.5,2,10,Partially cloudy,partly-cloudy-day,
Ann Arbor,2024-07-29T10:00:00,23.5,23.5,22,91.3,0,36,,0,0,22,10.4,210,1017,72.7,24.1,286,1,3,10,Partially cloudy,partly-cloudy-day,
Ann Arbor,2024-07-29T11:00:00,24.8,24.8,22.6,87.59,0.3,36,rain,0,0,23.8,11.5,210,1016,71,24.1,421,1.5,4,10,Partially cloudy,partly-cloudy-day,
Ann Arbor,2024-07-29T12:00:00,25.8,25.8,22.7,83.03,0,36,,0,0,24.8,11.9,210,1016,65.7,24.1,483,1.7,5,10,Partially cloudy,partly-cloudy-day,
Ann Arbor,2024-07-29T13:00:00,26.8,29.1,22.7,78.27,0,36,,0,0,26.3,12.6,210,1015,60.3,24.1,546,2,5,10,Partially cloudy,partly-cloudy-day,
Ann Arbor,2024-07-29T14:00:00,27.8,30.7,22.8,74.26,0,36,,0,0,27.4,13,210,1015,55,24.1,608,2.2,6,10,Partially cloudy,partly-cloudy-day,
Ann Arbor,2024-07-29T15:00:00,27.9,30.8,22.7,73.38,0,56,rain,0,0,27.4,13,213.3,1014,52.7,24.1,652,2.3,7,10,"Rain, Partially cloudy",rain,
Ann Arbor,2024-07-29T16:00:00,27.9,30.8,22.6,72.94,0,56,rain,0,0,27,13,216.7,1013,50.3,24.1,695,2.5,7,30,"Rain, Partially cloudy",rain,
Ann Arbor,2024-07-29T17:00:00,28,30.8,22.5,72.07,0.3,56,rain,0,0,27,13,220,1014,48,7.8,739,2.7,7,30,"Rain, Partially cloudy",rain,
Ann Arbor,2024-07-29T18:00:00,27.5,30,22.3,73.31,0,56,rain,0,0,24.8,11.9,216.7,1014,49,4.7,672,2.4,7,30,"Rain, Partially cloudy",rain,
Ann Arbor,2024-07-29T19:00:00,27.1,29.3,22.2,74.6,0,56,rain,0,0,23,11.2,213.3,1013,50,24.1,606,2.2,6,10,"Rain, Partially cloudy",rain,
Ann Arbor,2024-07-29T20:00:00,26.6,26.6,22,75.89,0,56,rain,0,0,20.9,10.1,210,1013,51,24.1,539,1.9,5,10,"Rain, Partially cloudy",rain,
Ann Arbor,2024-07-29T21:00:00,25.4,25.4,22,81.48,0,53,rain,0,0,19.4,9,213.3,1013,54.3,24.1,362,1.3,0,10,"Rain, Partially cloudy",rain,
Ann Arbor,2024-07-29T22:00:00,24.2,24.2,21.9,87.01,0,53,rain,0,0,18.4,8.3,216.7,1013,57.7,24.1,185,0.7,0,10,"Rain, Partially cloudy",rain,
Ann Arbor,2024-07-29T23:00:00,23,23,21.9,93.53,0.3,53,rain,0,0,16.9,7.2,220,1013,61,24.1,8,0,0,3,"Rain, Partially cloudy",rain,
Ann Arbor,2024-07-30T00:00:00,22.6,22.6,21.8,95.24,0,53,rain,0,0,16.9,7.2,220,1013,61.3,24.1,7,0,0,10,"Rain, Partially cloudy",rain,
Ann Arbor,2024-07-30T01:00:00,22.2,22.2,21.8,97.59,0,53,rain,0,0,16.9,7.2,220,1013,61.7,24.1,6,0,0,10,"Rain, Partially cloudy",rain,
Ann Arbor,2024-07-30T02:00:00,21.8,21.8,21.7,99.39,0,53,rain,0,0,16.9,7.2,220,1013,62,24.1,5,0,0,10,"Rain, Partially cloudy",rain,
Ann Arbor,2024-07-30T03:00:00,21.5,21.5,21.5,100,0,51,rain,0,0,17.3,7.2,220,1013,65.3,24.1,3,0,0,10,"Rain, Partially cloudy",rain,
Ann Arbor,2024-07-30T04:00:00,21.2,21.2,21.3,100,0,51,rain,0,0,17.6,7.2,220,1012,68.7,24.1,2,0,0,3,"Rain, Partially cloudy",rain,
Ann Arbor,2024-07-30T05:00:00,20.9,20.9,21.1,100,0.5,51,rain,0,0,18,7.2,220,1012,72,24.1,0,0,0,3,"Rain, Partially cloudy",rain,
Ann Arbor,2024-07-30T06:00:00,21,21,21.2,100,0,51,rain,0,0,18.4,7.6,223.3,1012,72.3,24.1,6,0,0,3,"Rain, Partially cloudy",rain,
Ann Arbor,2024-07-30T07:00:00,21.2,21.2,21.4,100,0,51,rain,0,0,19.1,8.3,226.7,1013,72.7,24.1,12,0,0,10,"Rain, Partially cloudy",rain,
Ann Arbor,2024-07-30T08:00:00,21.3,21.3,21.5,100,0,51,rain,0,0,19.4,8.6,230,1013,73,24.1,18,0.1,0,10,"Rain, Partially cloudy",rain,
Ann Arbor,2024-07-30T09:00:00,22.6,22.6,21.9,95.83,0,49,rain,0,0,20.5,9,230,1012,67.7,24.1,94,0.3,1,10,"Rain, Partially cloudy",rain,
Ann Arbor,2024-07-30T10:00:00,24,24,22.4,90.78,0,49,rain,0,0,21.6,9.7,230,1012,62.3,24.1,169,0.6,2,10,"Rain, Partially cloudy",rain,
Ann Arbor,2024-07-30T11:00:00,25.3,25.3,22.8,86.06,0.3,49,rain,0,0,22.7,10.1,230,1011,57,24.1,245,0.9,2,10,"Rain, Partially cloudy",rain,
Ann Arbor,2024-07-30T12:00:00,26,26,22.8,82.55,0,49,rain,0,0,24.1,11.2,236.7,1011,55.7,19.2,325,1.2,3,10,"Rain, Partially cloudy",rain,
Ann Arbor,2024-07-30T13:00:00,26.8,29.1,22.7,78.27,0,49,rain,0,0,25.2,11.9,243.3,1011,54.3,14.4,406,1.5,4,30,"Rain, Partially cloudy",rain,
Ann Arbor,2024-07-30T14:00:00,27.5,30.2,22.7,75.12,1.5,49,rain,0,0,26.6,13,250,1011,53,9.5,486,1.7,5,30,"Rain, Partially cloudy",rain,
Ann Arbor,2024-07-30T15:00:00,27.8,30.6,22.6,73.37,0,56,rain,0,0,26.3,13,250,1010,53,14.4,551,2,6,30,"Rain, Partially cloudy",rain,
Ann Arbor,2024-07-30T16:00:00,28,30.9,22.6,72.51,0,56,rain,0,0,25.6,13,250,1010,53,19.2,615,2.2,6,30,"Rain, Partially cloudy",rain,
Ann Arbor,2024-07-30T17:00:00,28.3,31.3,22.5,70.83,0.3,56,rain,0,0,25.2,13,250,1009,53,24.1,680,2.4,7,30,"Rain, Partially cloudy",rain,
Ann Arbor,2024-07-30T18:00:00,27.8,30.5,22.4,72.48,0,56,rain,0,0,23,11.5,250,1009,49,24.1,616,2.2,6,30,"Rain, Partially cloudy",rain,
Ann Arbor,2024-07-30T19:00:00,27.4,29.9,22.4,74.2,0,56,rain,0,0,20.9,10.1,250,1009,45,24.1,552,2,6,30,"Rain, Partially cloudy",rain,
Ann Arbor,2024-07-30T20:00:00,26.9,29.1,22.3,75.94,0.8,56,rain,0,0,18.7,8.6,250,1009,41,24.1,488,1.8,5,30,"Rain, Partially cloudy",rain,
Ann Arbor,2024-07-30T21:00:00,25.6,25.6,22,80.52,0,46,rain,0,0,17.3,7.6,253.3,1009,37.7,24.1,328,1.2,0,30,"Rain, Partially cloudy",rain,
Ann Arbor,2024-07-30T22:00:00,24.2,24.2,21.8,86.48,0,46,rain,0,0,15.5,6.8,256.7,1010,34.3,24.1,167,0.6,0,30,"Rain, Partially cloudy",rain,
Ann Arbor,2024-07-30T23:00:00,22.9,22.9,21.5,91.83,0.3,46,rain,0,0,14,5.8,260,1010,31,24.1,7,0,0,30,"Rain, Partially cloudy",rain,
Ann Arbor,2024-07-31T00:00:00,22.3,22.3,21.3,94.07,0,46,rain,0,0,13.3,5.4,256.7,1010,33,24.1,6,0,0,10,"Rain, Partially cloudy",rain,
Ann Arbor,2024-07-31T01:00:00,21.6,21.6,21,96.39,0,46,rain,0,0,13,4.7,253.3,1009,35,24.1,4,0,0,3,"Rain, Partially cloudy",rain,
Ann Arbor,2024-07-31T02:00:00,21,21,20.8,98.78,0,46,rain,0,0,12.2,4.3,250,1009,37,24.1,3,0,0,3,"Rain, Partially cloudy",rain,
Ann Arbor,2024-07-31T03:00:00,20.8,20.8,20.6,98.78,0,26,,0,0,12.2,4.3,253.3,1009,41,24.1,2,0,0,3,Partially cloudy,partly-cloudy-night,
Ann Arbor,2024-07-31T04:00:00,20.5,20.5,20.3,98.77,0,26,,0,0,11.9,4.3,256.7,1010,45,24.1,1,0,0,3,Partially cloudy,partly-cloudy-night,
Ann Arbor,2024-07-31T05:00:00,20.3,20.3,20.1,98.77,0.3,26,rain,0,0,11.9,4.3,260,1010,49,24.1,0,0,0,3,Partially cloudy,partly-cloudy-night,
Ann Arbor,2024-07-31T06:00:00,20.6,20.6,20.4,98.77,0,26,,0,0,12.2,4.7,270,1010,49.3,24.1,6,0,0,3,Partially cloudy,partly-cloudy-night,
Ann Arbor,2024-07-31T07:00:00,20.8,20.8,20.7,99.39,0,26,,0,0,13,5.4,280,1010,49.7,24.1,12,0,0,3,Partially cloudy,partly-cloudy-day,
Ann Arbor,2024-07-31T08:00:00,21.1,21.1,21,99.39,0,26,,0,0,13.3,5.8,290,1010,50,24.1,18,0.1,0,3,Partially cloudy,partly-cloudy-day,
Ann Arbor,2024-07-31T09:00:00,22.7,22.7,21.5,92.95,0,19,,0,0,14.8,6.1,276.7,1010,43.7,24.1,162,0.6,2,10,Partially cloudy,partly-cloudy-day,
Ann Arbor,2024-07-31T10:00:00,24.4,24.4,22,86.49,0,19,,0,0,16.2,6.8,263.3,1011,37.3,24.1,305,1.1,3,10,Partially cloudy,partly-cloudy-day,
Ann Arbor,2024-07-31T11:00:00,26,26,22.5,81.06,0,19,,0,0,17.6,7.2,250,1011,31,24.1,449,1.6,4,30,Partially cloudy,partly-cloudy-day,
Ann Arbor,2024-07-31T12:00:00,27.1,29.4,22.3,75.05,0,19,,0,0,19.1,7.6,250,1011,32,20.7,508,1.8,5,30,Partially cloudy,partly-cloudy-day,
Ann Arbor,2024-07-31T13:00:00,28.1,30.8,22.1,69.93,0,19,,0,0,20.9,8.3,250,1010,33,17.3,568,2,6,30,Partially cloudy,partly-cloudy-day,
Ann Arbor,2024-07-31T14:00:00,29.2,32.1,21.9,64.81,0,19,,0,0,22.3,8.6,250,1010,34,13.9,627,2.3,6,30,Partially cloudy,partly-cloudy-day,
Ann Arbor,2024-07-31T15:00:00,29.3,32.2,21.9,64.44,0,25,,0,0,21.6,8.6,256.7,1010,36.3,17.3,667,2.4,7,30,Partially cloudy,partly-cloudy-day,
Ann Arbor,2024-07-31T16:00:00,29.5,32.6,22,64.09,0,25,,0,0,20.9,9,263.3,1010,38.7,20.7,708,2.5,7,30,Partially cloudy,partly-cloudy-day,
Ann Arbor,2024-07-31T17:00:00,29.6,32.7,22,63.72,0.3,25,rain,0,0,20.2,9,270,1010,41,24.1,748,2.7,7,30,Partially cloudy,partly-cloudy-day,
Ann Arbor,2024-07-31T18:00:00,29,31.8,21.9,65.56,0,25,,0,0,18.7,8.3,273.3,1010,36,22.4,680,2.4,7,30,Partially cloudy,partly-cloudy-day,
Ann Arbor,2024-07-31T19:00:00,28.4,31,21.8,67.47,0,25,,0,0,16.9,7.9,276.7,1010,31,20.8,611,2.2,6,30,Partially cloudy,partly-cloudy-day,
Ann Arbor,2024-07-31T20:00:00,27.8,30.1,21.7,69.45,0.6,25,rain,0,0,15.5,7.2,280,1010,26,19.1,543,2,5,30,Partially cloudy,partly-cloudy-day,
Ann Arbor,2024-07-31T21:00:00,26.5,26.5,21.6,74.5,0,21,,0,0,14,6.1,266.7,1010,26,20.8,365,1.3,0,30,Partially cloudy,partly-cloudy-night,
Ann Arbor,2024-07-31T22:00:00,25.1,25.1,21.5,80.45,0,21,,0,0,13,5.4,253.3,1011,26,22.4,187,0.7,0,30,Partially cloudy,partly-cloudy-night,
Ann Arbor,2024-07-31T23:00:00,23.8,23.8,21.4,86.44,0,21,,0,0,11.5,4.3,240,1011,26,24.1,9,0,0,30,Partially cloudy,partly-cloudy-night,
Ann Arbor,2024-08-01T00:00:00,23.3,23.3,21.2,88,0,21,,0,0,11.5,4.3,230,1011,27.7,24.1,8,0,0,30,Partially cloudy,partly-cloudy-night,
Ann Arbor,2024-08-01T01:00:00,22.8,22.8,21,89.59,0,21,,0,0,11.2,4.3,220,1011,29.3,24.1,6,0,0,30,Partially cloudy,partly-cloudy-night,
Ann Arbor,2024-08-01T02:00:00,22.3,22.3,20.8,91.23,0.1,21,rain,0,0,11.2,4.3,210,1011,31,24.1,5,0,0,8,Partially cloudy,partly-cloudy-night,
Ann Arbor,2024-08-01T03:00:00,22,22,20.7,92.34,0,21,,0,0,11.9,4.7,223.3,1011,34.7,24.1,3,0,0,8,Partially cloudy,partly-cloudy-night,
Ann Arbor,2024-08-01T04:00:00,21.6,21.6,20.5,93.46,0,21,,0,0,13,5.4,236.7,1011,38.3,24.1,2,0,0,8,Partially cloudy,partly-cloudy-night,
Ann Arbor,2024-08-01T05:00:00,21.3,21.3,20.4,94.61,0.3,21,rain,0,0,13.7,5.8,250,1011,42,24.1,0,0,0,8,Partially cloudy,partly-cloudy-night,
Ann Arbor,2024-08-01T06:00:00,21.5,21.5,20.7,95.21,0,21,,0,0,14,6.1,250,1012,39.3,24.1,6,0,0,8,Partially cloudy,partly-cloudy-night,
Ann Arbor,2024-08-01T07:00:00,21.6,21.6,20.9,95.8,0,21,,0,0,14.8,6.8,250,1012,36.7,24.1,12,0,0,8,Partially cloudy,partly-cloudy-day,
Ann Arbor,2024-08-01T08:00:00,21.8,21.8,21.2,96.39,0,21,,0,0,15.1,7.2,250,1013,34,24.1,18,0.1,0,8,Partially cloudy,partly-cloudy-day,
Ann Arbor,2024-08-01T09:00:00,23.5,23.5,21.7,89.65,0,23,,0,0,17.6,8.3,246.7,1013,33.7,24.1,153,0.6,2,8,Partially cloudy,partly-cloudy-day,
Ann Arbor,2024-08-01T10:00:00,25.2,25.2,22.3,83.98,0,23,,0,0,19.8,9,243.3,1013,33.3,24.1,289,1,3,30,Partially cloudy,partly-cloudy-day,
Ann Arbor,2024-08-01T11:00:00,26.9,29.3,22.8,78.28,0.3,23,rain,0,0,22.3,10.1,240,1013,33,24.1,424,1.5,4,30,Partially cloudy,partly-cloudy-day,
Ann Arbor,2024-08-01T12:00:00,27.9,30.9,22.9,74.28,0,23,,0,0,23.8,11.2,230,1013,32.7,24.1,491,1.8,5,30,Partially cloudy,partly-cloudy-day,
Ann Arbor,2024-08-01T13:00:00,28.9,32.4,22.9,70.08,0,23,,0,0,24.8,11.9,220,1012,32.3,24.1,557,2,6,30,Partially cloudy,partly-cloudy-day,
Ann Arbor,2024-08-01T14:00:00,29.9,33.9,23,66.55,0,23,,0,0,26.3,13,210,1012,32,24.1,624,2.2,6,60,Partially cloudy,partly-cloudy-day,
Ann Arbor,2024-08-01T15:00:00,30,33.9,22.9,65.77,0,33,,0,0,26.3,13,216.7,1012,35,24.1,674,2.4,7,30,Partially cloudy,partly-cloudy-day,
Ann Arbor,2024-08-01T16:00:00,30,33.9,22.8,65.37,0,33,,0,0,25.9,13.3,223.3,1012,38,24.1,724,2.6,7,30,Partially cloudy,partly-cloudy-day,
Ann Arbor,2024-08-01T17:00:00,30.1,33.9,22.7,64.61,0.3,33,rain,0,0,25.9,13.3,230,1012,41,24.1,774,2.8,8,30,Partially cloudy,partly-cloudy-day,
Ann Arbor,2024-08-01T18:00:00,29.5,33.2,22.8,67.28,0,33,,0,0,24.1,12.2,230,1012,38,24.1,702,2.5,7,30,Partially cloudy,partly-cloudy-day,
Ann Arbor,2024-08-01T19:00:00,28.8,32.3,22.9,70.49,0,33,,0,0,22.3,11.2,230,1012,35,24.1,629,2.3,6,60,Partially cloudy,partly-cloudy-day,
Ann Arbor,2024-08-01T20:00:00,28.2,31.5,23,73.43,0,33,,0,0,20.5,10.1,230,1012,32,24.1,557,2,6,60,Partially cloudy,partly-cloudy-day,
Ann Arbor,2024-08-01T21:00:00,26.9,29.3,22.9,78.76,0,38.7,,0,0,18.7,9,230,1012,31.7,24.1,374,1.3,0,30,Partially cloudy,partly-cloudy-night,
Ann Arbor,2024-08-01T22:00:00,25.6,25.6,22.7,84.02,0,38.7,,0,0,17.3,8.3,230,1013,31.3,24.1,192,0.7,0,30,Partially cloudy,partly-cloudy-night,
Ann Arbor,2024-08-01T23:00:00,24.3,24.3,22.6,90.25,0.3,38.7,rain,0,0,15.5,7.2,230,1013,31,24.1,9,0,0,30,Partially cloudy,partly-cloudy-night,
Ann Arbor,2024-08-02T00:00:00,23.2,23.2,21.9,92.41,0,38.7,,0,0,15.1,9.4,221.6,1013,9.4,24.1,0,0,0,30,Clear,clear-night,
Ann Arbor,2024-08-02T01:00:00,22.8,22.8,21.7,93.52,0,38.7,,0,0,16.9,9,222.5,1013,18.9,24.1,0,0,0,30,Clear,clear-night,
Ann Arbor,2024-08-02T02:00:00,22.3,22.3,21.6,95.82,0,38.7,,0,0,18.4,9,223.3,1013,28.3,24.1,0,0,0,8,Partially cloudy,partly-cloudy-night,
Ann Arbor,2024-08-02T03:00:00,22,22,21.4,96.4,0,19.4,,0,0,19.4,9.4,218.6,1013,42.3,24.1,0,0,0,8,Partially cloudy,partly-cloudy-night,
Ann Arbor,2024-08-02T04:00:00,21.8,21.8,21.2,96.39,0,19.4,,0,0,20.9,9.7,213.8,1013,56.3,24.1,0,0,0,8,Partially cloudy,partly-cloudy-night,
Ann Arbor,2024-08-02T05:00:00,21.5,21.5,21,96.98,0,19.4,,0,0,22,10.1,209.1,1013,70.3,24.1,0,0,0,8,Partially cloudy,partly-cloudy-night,
Ann Arbor,2024-08-02T06:00:00,22,22,21.1,94.64,0,19.4,,0,0,23.8,10.1,214.3,1013,80.2,24.1,9,0,0,8,Partially cloudy,partly-cloudy-night,
Ann Arbor,2024-08-02T07:00:00,22.4,22.4,21.2,92.93,0,19.4,,0,0,25.9,9.7,219.6,1013,90.1,24.1,18,0.1,0,3,Overcast,cloudy,
Ann Arbor,2024-08-02T08:00:00,22.9,22.9,21.3,90.71,0,19.4,,0,0,27.7,9.7,224.8,1013,100,24.1,27,0.1,0,3,Overcast,cloudy,
Ann Arbor,2024-08-02T09:00:00,24.4,24.4,20.9,80.86,0,35.5,,0,0,22.3,9.4,238,1013,100,24.1,127,0.5,1,3,Overcast,cloudy,
Ann Arbor,2024-08-02T10:00:00,26,26,20.5,71.72,0,35.5,,0,0,16.6,8.6,251.1,1014,100,24.1,226,0.8,2,10,Overcast,cloudy,
Ann Arbor,2024-08-02T11:00:00,27.5,29,20.1,64.05,0,35.5,,0,0,11.2,8.3,264.3,1014,100,24.1,326,1.2,3,10,Overcast,cloudy,
Ann Arbor,2024-08-02T12:00:00,28.4,30,19.9,60.03,0,35.5,,0,0,12.2,9.4,244.1,1014,68.5,24.1,478,1.7,5,10,Partially cloudy,partly-cloudy-day,
Ann Arbor,2024-08-02T13:00:00,29.4,31,19.7,55.95,0,35.5,,0,0,13,10.8,223.9,1013,36.9,24.1,631,2.3,6,10,Partially cloudy,partly-cloudy-day,
Ann Arbor,2024-08-02T14:00:00,30.3,31.8,19.5,52.47,0.3,35.5,rain,0,0,14,11.9,203.7,1013,5.4,24.1,783,2.8,8,10,Clear,clear-day,
Ann Arbor,2024-08-02T15:00:00,30.1,31.7,19.6,53.41,0,48.4,rain,0,0,11.2,10.4,198,1013,22,24.1,739,2.7,7,10,"Rain, Partially cloudy",rain,
Ann Arbor,2024-08-02T16:00:00,29.9,31.6,19.8,54.7,0,48.4,rain,0,0,8.6,8.6,192.4,1012,38.5,24.1,696,2.5,7,10,"Rain, Partially cloudy",rain,
Ann Arbor,2024-08-02T17:00:00,29.7,31.4,19.9,55.68,0,48.4,rain,0,0,5.8,7.2,186.7,1012,55.1,24.1,652,2.3,7,10,"Rain, Partially cloudy",rain,
Ann Arbor,2024-08-02T18:00:00,28.6,30.5,20.5,61.58,0,48.4,rain,0,0,7.9,7.9,141.8,1012,66.6,24.1,524,1.9,5,30,"Rain, Partially cloudy",rain,
Ann Arbor,2024-08-02T19:00:00,27.5,29.5,21.2,68.55,0,48.4,rain,0,0,10.4,8.3,96.9,1013,78.2,24.1,397,1.4,4,30,"Rain, Partially cloudy",rain,
Ann Arbor,2024-08-02T20:00:00,26.4,26.4,21.8,75.86,1,48.4,rain,0,0,12.6,9,52,1013,89.7,24.1,269,1,3,30,"Rain, Partially cloudy",rain,
Ann Arbor,2024-08-02T21:00:00,25.1,25.1,21.5,80.45,0,45.2,rain,0,0,12.2,8.6,55.4,1013,64.9,24.1,179,0.6,0,30,"Rain, Partially cloudy",rain,
Ann Arbor,2024-08-02T22:00:00,23.7,23.7,21.1,85.37,0,45.2,rain,0,0,11.9,8.6,58.8,1013,40.2,24.1,90,0.3,0,10,"Rain, Partially cloudy",rain,
Ann Arbor,2024-08-02T23:00:00,22.4,22.4,20.8,90.67,0,45.2,rain,0,0,11.5,8.3,62.2,1013,15.4,24.1,0,0,0,10,Rain,rain,
Ann Arbor,2024-08-03T00:00:00,22,22,20.8,92.91,0,45.2,rain,0,0,14.4,8.6,60.5,1013,16.6,24.1,0,0,0,10,Rain,rain,
Ann Arbor,2024-08-03T01:00:00,21.5,21.5,20.7,95.21,0,45.2,rain,0,0,17.3,8.6,58.8,1014,17.7,24.1,0,0,0,10,Rain,rain,
Ann Arbor,2024-08-03T02:00:00,21.1,21.1,20.7,97.57,0,45.2,rain,0,0,20.2,9,57.1,1014,18.9,24.1,0,0,0,10,Rain,rain,
Ann Arbor,2024-08-03T03:00:00,20.5,20.5,20,96.96,0,32.3,,0,0,21.2,9,44.6,1014,12.8,24.1,0,0,0,10,Clear,clear-night,
Ann Arbor,2024-08-03T04:00:00,20,20,19.4,96.34,0,32.3,,0,0,22,9.4,32.1,1014,6.6,24.1,0,0,0,10,Clear,clear-night,
Ann Arbor,2024-08-03T05:00:00,19.4,19.4,18.7,95.73,0,32.3,,0,0,23,9.4,19.6,1014,0.5,24.1,0,0,0,10,Clear,clear-night,
Ann Arbor,2024-08-03T06:00:00,19.7,19.7,18.8,94.55,0,32.3,,0,0,21.6,10.1,20.4,1014,3.6,24.1,11,0,0,10,Clear,clear-night,
Ann Arbor,2024-08-03T07:00:00,20,20,18.8,92.81,0,32.3,,0,0,20.2,10.4,21.3,1015,6.7,24.1,23,0.1,0,10,Clear,clear-day,
Ann Arbor,2024-08-03T08:00:00,20.3,20.3,18.9,91.67,0,32.3,,0,0,18.7,11.2,22.1,1015,9.8,24.1,34,0.1,0,10,Clear,clear-day,
Ann Arbor,2024-08-03T09:00:00,21.9,21.9,19.5,86.26,0,25.8,,0,0,16.9,11.5,20.8,1015,28.9,24.1,157,0.6,2,10,Partially cloudy,partly-cloudy-day,
Ann Arbor,2024-08-03T10:00:00,23.4,23.4,20,81.23,0,25.8,,0,0,15.1,11.5,19.6,1015,48.1,24.1,280,1,3,10,Partially cloudy,partly-cloudy-day,
Ann Arbor,2024-08-03T11:00:00,25,25,20.6,76.58,0,25.8,,0,0,13.3,11.9,18.3,1015,67.2,24.1,403,1.5,4,10,Partially cloudy,partly-cloudy-day,
Ann Arbor,2024-08-03T12:00:00,25.6,25.6,20.9,75.27,0,25.8,,0,0,13.7,12.2,17.1,1015,53.4,19.2,469,1.7,5,10,Partially cloudy,partly-cloudy-day,
Ann Arbor,2024-08-03T13:00:00,26.1,26.1,21.1,73.98,0,25.8,,0,0,13.7,12.6,15.9,1015,39.6,14.2,534,1.9,5,10,Partially cloudy,partly-cloudy-day,
Ann Arbor,2024-08-03T14:00:00,26.7,26.7,21.4,72.73,0,25.8,,0,0,14,13,14.7,1015,25.8,9.3,600,2.2,6,30,Partially cloudy,partly-cloudy-day,
Ann Arbor,2024-08-03T15:00:00,26.6,26.6,21.6,74.06,0,51.6,rain,0,0,14.8,13.7,18.9,1015,28.3,12.6,649,2.3,6,30,"Rain, Partially cloudy",rain,
Ann Arbor,2024-08-03T16:00:00,26.5,26.5,21.8,75.42,0,51.6,rain,0,0,15.5,14,23.2,1015,30.7,16,698,2.5,7,30,"Rain, Partially cloudy",rain,
Ann Arbor,2024-08-03T17:00:00,26.4,26.4,22,76.8,0,51.6,rain,0,0,16.2,14.8,27.4,1015,33.2,19.3,747,2.7,7,30,"Rain, Partially cloudy",rain,
Ann Arbor,2024-08-03T18:00:00,25.6,25.6,22,80.52,0,51.6,rain,0,0,19.1,14,31.5,1015,22.1,20.9,607,2.2,6,30,"Rain, Partially cloudy",rain,
Ann Arbor,2024-08-03T19:00:00,24.8,24.8,21.9,83.94,0,51.6,rain,0,0,22.3,13.3,35.6,1015,11.1,22.5,466,1.7,5,30,Rain,rain,
Ann Arbor,2024-08-03T20:00:00,24,24,21.9,88.06,0.1,51.6,rain,0,0,25.2,12.6,39.7,1015,0,24.1,326,1.2,3,30,Rain,rain,
Ann Arbor,2024-08-03T21:00:00,22.7,22.7,21.1,90.69,0,19.4,,0,0,26.3,12.2,31.2,1015,0,24.1,217,0.8,0,10,Clear,clear-night,
Ann Arbor,2024-08-03T22:00:00,21.5,21.5,20.4,93.46,0,19.4,,0,0,27,12.2,22.7,1016,0,24.1,109,0.4,0,3,Clear,clear-night,
Ann Arbor,2024-08-03T23:00:00,20.2,20.2,19.6,96.35,0,19.4,,0,0,28.1,11.9,14.2,1016,0,24.1,0,0,0,3,Clear,clear-night,
Ann Arbor,2024-08-04T00:00:00,19.6,19.6,18.9,95.73,0,19.4,,0,0,25.9,11.2,12.3,1016,0,24.1,0,0,0,3,Clear,clear-night,
Ann Arbor,2024-08-04T01:00:00,18.9,18.9,18.3,96.31,0,19.4,,0,0,23.8,10.4,10.3,1016,0,24.1,0,0,0,10,Clear,clear-night,
Ann Arbor,2024-08-04T02:00:00,18.3,18.3,17.6,95.69,0,19.4,,0,0,21.6,9.7,8.4,1016,0,24.1,0,0,0,10,Clear,clear-night,
Ann Arbor,2024-08-04T03:00:00,18.1,18.1,17.4,95.69,0,19.4,,0,0,19.8,9.7,125.3,1016,0.6,24.1,0,0,0,10,Clear,clear-night,
Ann Arbor,2024-08-04T04:00:00,18,18,17.3,95.68,0,19.4,,0,0,18.4,9.7,242.3,1016,1.1,24.1,0,0,0,10,Clear,clear-night,
Ann Arbor,2024-08-04T05:00:00,17.8,17.8,17.1,95.68,0,19.4,,0,0,16.6,9.7,359.2,1016,1.7,24.1,0,0,0,10,Clear,clear-night,
Ann Arbor,2024-08-04T06:00:00,18.4,18.4,17.5,94.5,0,19.4,,0,0,17.6,10.1,242.4,1016,1.9,24.1,11,0,0,10,Clear,clear-night,
Ann Arbor,2024-08-04T07:00:00,18.9,18.9,17.9,93.92,0,19.4,,0,0,18.4,10.1,125.7,1017,2.2,24.1,23,0.1,0,10,Clear,clear-day,
Ann Arbor,2024-08-04T08:00:00,19.5,19.5,18.3,92.78,0,19.4,,0,0,19.4,10.4,8.9,1017,2.4,24.1,34,0.1,0,10,Clear,clear-day,
Ann Arbor,2024-08-04T09:00:00,21.4,21.4,18.5,83.55,0,22.6,,0,0,18.4,11.5,7.1,1017,4.7,24.1,169,0.6,2,10,Clear,clear-day,
Ann Arbor,2024-08-04T10:00:00,23.4,23.4,18.8,75.39,0,22.6,,0,0,16.9,13,5.3,1016,7.1,24.1,305,1.1,3,10,Clear,clear-day,
Ann Arbor,2024-08-04T11:00:00,25.3,25.3,19,68.12,0,22.6,,0,0,15.8,14,3.5,1016,9.4,24.1,440,1.6,4,10,Clear,clear-day,
Ann Arbor,2024-08-04T12:00:00,26.3,26.3,19.1,64.6,0,22.6,,0,0,15.8,14.4,4.9,1016,10.5,24.1,564,2,6,10,Clear,clear-day,
Ann Arbor,2024-08-04T13:00:00,27.2,28.4,19.3,62.03,0,22.6,,0,0,16.2,15.1,6.2,1015,11.7,24.1,689,2.5,7,10,Clear,clear-day,
Ann Arbor,2024-08-04T14:00:00,28.2,29.5,19.4,58.88,0,22.6,,0,0,16.2,15.5,7.6,1015,12.8,24.1,813,2.9,8,30,Clear,clear-day,
Ann Arbor,2024-08-04T15:00:00,28.4,29.8,19.4,58.19,0,38.7,,0,0,16.2,15.5,13.5,1015,15.9,24.1,793,2.9,8,30,Clear,clear-day,
Ann Arbor,2024-08-04T16:00:00,28.6,30,19.4,57.52,0,38.7,,0,0,15.8,15.5,19.5,1014,18.9,24.1,772,2.8,8,30,Clear,clear-day,
Ann Arbor,2024-08-04T17:00:00,28.8,30.2,19.4,56.86,0,38.7,,0,0,15.8,15.5,25.4,1014,22,24.1,752,2.7,8,30,Partially cloudy,partly-cloudy-day,
Ann Arbor,2024-08-04T18:00:00,27.7,29.2,19.8,62.14,0,38.7,,0,0,17.6,14,27.2,1014,15.5,24.1,610,2.2,6,30,Clear,clear-day,
Ann Arbor,2024-08-04T19:00:00,26.5,26.5,20.3,68.78,0,38.7,,0,0,19.4,12.6,29,1015,8.9,24.1,468,1.7,5,30,Clear,clear-day,
Ann Arbor,2024-08-04T20:00:00,25.4,25.4,20.7,75.24,0,38.7,,0,0,21.2,11.2,30.8,1015,2.4,24.1,326,1.2,3,30,Clear,clear-day,
Ann Arbor,2024-08-04T21:00:00,24,24,20.5,80.81,0,25.8,,0,0,22,11.2,33,1015,1.8,24.1,217,0.8,0,30,Clear,clear-night,
Ann Arbor,2024-08-04T22:00:00,22.6,22.6,20.3,86.86,0,25.8,,0,0,22.3,10.8,35.2,1015,1.3,24.1,109,0.4,0,30,Clear,clear-night,
Ann Arbor,2024-08-04T23:00:00,21.2,21.2,20.1,93.45,0,25.8,,0,0,23,10.8,37.4,1015,0.7,24.1,0,0,0,10,Clear,clear-night,
Ann Arbor,2024-08-05T00:00:00,20.7,20.7,19.5,92.84,0,25.8,,0,0,21.2,10.1,38.9,1015,0.5,24.1,0,0,0,3,Clear,clear-night,
Ann Arbor,2024-08-05T01:00:00,20.2,20.2,19,92.82,0,25.8,,0,0,19.4,9.7,40.3,1015,0.2,24.1,0,0,0,3,Clear,clear-night,
Ann Arbor,2024-08-05T02:00:00,19.7,19.7,18.4,92.21,7,25.8,rain,0,0,17.6,9,41.8,1015,0,24.1,0,0,0,5,Clear,clear-night,
Ann Arbor,2024-08-05T03:00:00,19.3,19.3,18,92.19,0,16.1,,0,0,16.6,9.4,30.9,1015,0,24.1,0,0,0,3,Clear,clear-night,
Ann Arbor,2024-08-05T04:00:00,18.9,18.9,17.6,92.16,0,16.1,,0,0,15.5,9.4,20.1,1015,0,24.1,0,0,0,10,Clear,clear-night,
Ann Arbor,2024-08-05T05:00:00,18.5,18.5,17.2,92.14,0,16.1,,0,0,14.4,9.7,9.2,1015,0,24.1,0,0,0,10,Clear,clear-night,
Ann Arbor,2024-08-05T06:00:00,18.9,18.9,17.4,91.01,0,16.1,,0,0,15.5,9.4,10.1,1015,0,24.1,11,0,0,10,Clear,clear-night,
Ann Arbor,2024-08-05T07:00:00,19.3,19.3,17.5,89.33,0,16.1,,0,0,16.2,9,11,1016,0,24.1,22,0.1,0,10,Clear,clear-day,
Ann Arbor,2024-08-05T08:00:00,19.7,19.7,17.7,88.24,0,16.1,,0,0,17.3,8.6,11.9,1016,0,24.1,33,0.1,0,10,Clear,clear-day,
Ann Arbor,2024-08-05T09:00:00,21.8,21.8,17.9,78.52,0,22.6,,0,0,15.1,8.6,21.7,1016,0,24.1,169,0.6,2,10,Clear,clear-day,
Ann Arbor,2024-08-05T10:00:00,24,24,18,69.15,0,22.6,,0,0,13.3,8.6,31.6,1016,0,24.1,305,1.1,3,10,Clear,clear-day,
Ann Arbor,2024-08-05T11:00:00,26.1,26.1,18.2,61.79,0,22.6,,0,0,11.2,8.6,41.4,1016,0,24.1,441,1.6,4,10,Clear,clear-day,
Ann Arbor,2024-08-05T12:00:00,27,28,18.4,59.33,0,22.6,,0,0,10.8,9,33.1,1016,5.2,24.1,565,2,6,10,Clear,clear-day,
Ann Arbor,2024-08-05T13:00:00,27.8,28.8,18.6,57.33,0,22.6,,0,0,10.4,9,24.8,1015,10.4,24.1,689,2.5,7,10,Clear,clear-day,
Ann Arbor,2024-08-05T14:00:00,28.7,29.8,18.8,55.09,0,22.6,,0,0,10.1,9.4,16.5,1015,15.6,24.1,813,2.9,8,30,Clear,clear-day,
Ann Arbor,2024-08-05T15:00:00,29,30.1,18.7,53.8,0,41.9,,0,0,10.4,10.8,126.7,1014,22.3,24.1,797,2.9,8,30,Partially cloudy,partly-cloudy-day,
Ann Arbor,2024-08-05T16:00:00,29.2,30.2,18.6,52.85,0,41.9,,0,0,11.2,12.2,237,1014,28.9,24.1,780,2.8,8,30,Partially cloudy,partly-cloudy-day,
Ann Arbor,2024-08-05T17:00:00,29.5,30.5,18.5,51.62,0,41.9,,0,0,11.5,13.7,347.2,1013,35.6,24.1,764,2.8,8,30,Partially cloudy,partly-cloudy-day,
Ann Arbor,2024-08-05T18:00:00,28.1,29.3,19,57.76,0,41.9,,0,0,15.5,13,351.1,1013,40.7,24.1,602,2.2,6,30,Partially cloudy,partly-cloudy-day,
Ann Arbor,2024-08-05T19:00:00,26.7,26.7,19.4,64.28,0,41.9,,0,0,19.8,12.6,355.1,1014,45.7,24.1,440,1.6,4,30,Partially cloudy,partly-cloudy-day,
Ann Arbor,2024-08-05T20:00:00,25.3,25.3,19.9,72.04,0,41.9,,0,0,23.8,11.9,359,1014,50.8,24.1,278,1,3,30,Partially cloudy,partly-cloudy-day,
Ann Arbor,2024-08-05T21:00:00,24.2,24.2,19.3,74.12,0,16.1,,0,0,18.4,10.4,277.9,1014,33.9,24.1,185,0.7,0,10,Partially cloudy,partly-cloudy-night,
Ann Arbor,2024-08-05T22:00:00,23.2,23.2,18.8,76.3,0,16.1,,0,0,13,8.6,196.7,1015,16.9,24.1,93,0.3,0,10,Clear,clear-night,
Ann Arbor,2024-08-05T23:00:00,22.1,22.1,18.2,78.56,0,16.1,,0,0,7.6,7.2,115.6,1015,0,24.1,0,0,0,10,Clear,clear-night,
Ann Arbor,2024-08-06T00:00:00,21.5,21.5,17.7,78.97,0,16.1,,0,0,5.8,5.8,103.9,1015,0,24.1,0,0,0,10,Clear,clear-night,
Ann Arbor,2024-08-06T01:00:00,20.8,20.8,17.3,80.38,0,16.1,,0,0,4.3,4,92.3,1015,0,24.1,0,0,0,10,Clear,clear-night,
Ann Arbor,2024-08-06T02:00:00,20.2,20.2,16.8,80.82,0,16.1,,0,0,2.5,2.5,80.6,1015,0,24.1,0,0,0,10,Clear,clear-night,
Ann Arbor,2024-08-06T03:00:00,19.8,19.8,16.8,82.84,0,12.9,,0,0,3.2,3.2,169.8,1015,0,24.1,0,0,0,10,Clear,clear-night,
Ann Arbor,2024-08-06T04:00:00,19.3,19.3,16.7,84.92,0,12.9,,0,0,4.3,4,259.1,1015,0,24.1,0,0,0,10,Clear,clear-night,
Ann Arbor,2024-08-06T05:00:00,18.9,18.9,16.7,87.06,0,12.9,,0,0,5,4.7,348.3,1015,0,24.1,0,0,0,10,Clear,clear-night,
Ann Arbor,2024-08-06T06:00:00,19.6,19.6,17.1,85.49,0,12.9,,0,0,5.8,4.7,233.3,1016,0,24.1,11,0,0,10,Clear,clear-night,
Ann Arbor,2024-08-06T07:00:00,20.2,20.2,17.5,84.48,0,12.9,,0,0,6.1,5,118.3,1016,0,24.1,23,0.1,0,10,Clear,clear-day,
Ann Arbor,2024-08-06T08:00:00,20.9,20.9,17.9,82.97,0,12.9,,0,0,6.8,5,3.3,1017,0,24.1,34,0.1,0,10,Clear,clear-day,
Ann Arbor,2024-08-06T09:00:00,23,23,18.2,74.38,0,22.6,,0,0,5.8,4.7,118.5,1017,17.7,24.1,173,0.6,2,10,Clear,clear-day,
Ann Arbor,2024-08-06T10:00:00,25,25,18.5,67.21,0,22.6,,0,0,5,4.7,233.7,1017,35.5,24.1,311,1.1,3,10,Partially cloudy,partly-cloudy-day,
Ann Arbor,2024-08-06T11:00:00,27.1,28.2,18.8,60.48,0,22.6,,0,0,4,4.3,348.9,1017,53.2,24.1,450,1.6,5,10,Partially cloudy,partly-cloudy-day,
Ann Arbor,2024-08-06T12:00:00,28.2,29,18.1,54.28,0,22.6,,0,0,3.6,4,342.8,1017,37.7,24.1,573,2.1,6,10,Partially cloudy,partly-cloudy-day,
Ann Arbor,2024-08-06T13:00:00,29.4,30,17.5,48.75,0,22.6,,0,0,3.6,3.6,336.6,1017,22.2,24.1,696,2.5,7,10,Partially cloudy,partly-cloudy-day,
Ann Arbor,2024-08-06T14:00:00,30.5,30.7,16.8,43.78,0.5,22.6,rain,0,0,3.2,3.2,330.5,1017,6.7,24.1,819,2.9,8,10,Clear,clear-day,
Ann Arbor,2024-08-06T15:00:00,30.5,30.5,16.3,42.41,0,35.5,,0,0,3.2,4,318,1016,5.9,24.1,806,2.9,8,10,Clear,clear-day,
Ann Arbor,2024-08-06T16:00:00,30.5,30.4,15.9,41.34,0,35.5,,0,0,3.6,4.3,305.4,1016,5.1,24.1,793,2.9,8,10,Clear,clear-day,
Ann Arbor,2024-08-06T17:00:00,30.5,30.2,15.4,40.04,0,35.5,,0,0,3.6,5,292.9,1015,4.3,24.1,780,2.8,8,10,Clear,clear-day,
Ann Arbor,2024-08-06T18:00:00,29,29.3,16.6,47.13,0,35.5,,0,0,5,5.8,304,1015,2.9,24.1,632,2.3,6,10,Clear,clear-day,
Ann Arbor,2024-08-06T19:00:00,27.6,28.3,17.7,54.82,0,35.5,,0,0,6.1,6.8,315,1016,1.4,24.1,484,1.7,5,10,Clear,clear-day,
Ann Arbor,2024-08-06T20:00:00,26.1,26.1,18.9,64.56,0.3,35.5,rain,0,0,7.6,7.6,326.1,1016,0,24.1,336,1.2,3,10,Clear,clear-day,
Ann Arbor,2024-08-06T21:00:00,24.6,24.6,18.5,68.84,0,19.4,,0,0,8.3,7.9,269.5,1016,0,24.1,224,0.8,0,10,Clear,clear-night,
Ann Arbor,2024-08-06T22:00:00,23,23,18.1,73.92,0,19.4,,0,0,8.6,7.9,213,1017,0,24.1,112,0.4,0,10,Clear,clear-night,
Ann Arbor,2024-08-06T23:00:00,21.5,21.5,17.7,78.97,0,19.4,,0,0,9.4,8.3,156.4,1017,0,24.1,0,0,0,10,Clear,clear-night,
Ann Arbor,2024-08-07T00:00:00,21,21,17.4,79.9,0,19.4,,0,0,10.4,8.6,164.6,1017,0,24.1,0,0,0,10,Clear,clear-night,
Ann Arbor,2024-08-07T01:00:00,20.4,20.4,17.2,81.87,0,19.4,,0,0,11.2,9,172.7,1018,0,24.1,0,0,0,10,Clear,clear-night,
Ann Arbor,2024-08-07T02:00:00,19.9,19.9,16.9,82.85,1.8,19.4,rain,0,0,12.2,9.4,180.9,1018,0,24.1,0,0,0,10,Clear,clear-night,
Ann Arbor,2024-08-07T03:00:00,19.8,19.8,17.4,86.05,0,25.8,,0,0,10.4,8.6,198,1018,0,24.1,0,0,0,10,Clear,clear-night,
Ann Arbor,2024-08-07T04:00:00,19.7,19.7,17.9,89.36,0,25.8,,0,0,9,7.9,215.2,1018,0,24.1,0,0,0,10,Clear,clear-night,
Ann Arbor,2024-08-07T05:00:00,19.6,19.6,18.4,92.78,0,25.8,,0,0,7.2,7.2,232.3,1018,0,24.1,0,0,0,10,Clear,clear-night,
Ann Arbor,2024-08-07T06:00:00,20.2,20.2,18.3,88.84,0,25.8,,0,0,9,6.8,245.8,1018,0,24.1,11,0,0,10,Clear,clear-night,
Ann Arbor,2024-08-07T07:00:00,20.8,20.8,18.2,85.07,0,25.8,,0,0,10.4,6.8,259.3,1019,0,24.1,22,0.1,0,10,Clear,clear-day,
Ann Arbor,2024-08-07T08:00:00,21.4,21.4,18.1,81.48,0,25.8,,0,0,12.2,6.5,272.8,1019,0,24.1,33,0.1,0,10,Clear,clear-day,
Ann Arbor,2024-08-07T09:00:00,23.5,23.5,18.5,73.54,0,25.8,,0,0,10.8,6.5,259,1019,1.5,24.1,171,0.6,2,10,Clear,clear-day,
Ann Arbor,2024-08-07T10:00:00,25.6,25.6,18.8,66.08,0,25.8,,0,0,9,6.8,245.1,1020,3.1,24.1,309,1.1,3,10,Clear,clear-day,
Ann Arbor,2024-08-07T11:00:00,27.7,28.9,19.2,59.87,0,25.8,,0,0,7.6,6.8,231.3,1020,4.6,24.1,447,1.6,4,10,Clear,clear-day,
Ann Arbor,2024-08-07T12:00:00,28.8,30,18.9,55.11,0,25.8,,0,0,8.6,7.9,227.9,1020,4.7,24.1,574,2.1,6,10,Clear,clear-day,
Ann Arbor,2024-08-07T13:00:00,29.8,30.8,18.5,50.73,0,25.8,,0,0,9.7,9.4,224.4,1019,4.9,24.1,702,2.5,7,10,Clear,clear-day,
Ann Arbor,2024-08-07T14:00:00,30.9,31.8,18.2,46.75,0.7,25.8,rain,0,0,10.8,10.4,221,1019,5,24.1,829,3,8,10,Clear,clear-day,
Ann Arbor,2024-08-07T15:00:00,31.2,32.2,18.4,46.53,0,35.5,,0,0,11.9,11.2,221,1019,6.4,24.1,809,2.9,8,10,Clear,clear-day,
Ann Arbor,2024-08-07T16:00:00,31.6,32.8,18.7,46.35,0,35.5,,0,0,13,11.9,220.9,1018,7.8,24.1,790,2.8,8,10,Clear,clear-day,
Ann Arbor,2024-08-07T17:00:00,31.9,33.2,18.9,46.14,0,35.5,,0,0,14,12.6,220.9,1018,9.2,24.1,770,2.8,8,30,Clear,clear-day,
Ann Arbor,2024-08-07T18:00:00,30.4,32,19.6,52.5,0,35.5,,0,0,18,12.2,223.7,1018,13,24.1,613,2.2,6,30,Clear,clear-day,
Ann Arbor,2024-08-07T19:00:00,29,30.9,20.3,59.43,0,35.5,,0,0,21.6,11.9,226.4,1018,16.7,24.1,456,1.6,5,30,Clear,clear-day,
Ann Arbor,2024-08-07T20:00:00,27.5,29.4,21,67.71,0.1,35.5,rain,0,0,25.6,11.5,229.2,1018,20.5,24.1,299,1.1,3,30,Partially cloudy,partly-cloudy-day,
Ann Arbor,2024-08-07T21:00:00,26.1,26.1,20.5,71.3,0,16.1,,0,0,23,11.2,230,1018,14.5,24.1,199,0.7,0,30,Clear,clear-night,
Ann Arbor,2024-08-07T22:00:00,24.8,24.8,20,74.68,0,16.1,,0,0,20.5,10.8,230.8,1019,8.4,24.1,100,0.4,0,10,Clear,clear-night,
Ann Arbor,2024-08-07T23:00:00,23.4,23.4,19.5,78.75,0,16.1,,0,0,18,10.4,231.6,1019,2.4,24.1,0,0,0,3,Clear,clear-night,
Ann Arbor,2024-08-08T00:00:00,23,23,19.4,80.18,0,16.1,,0,0,17.6,10.1,229.3,1019,1.6,24.1,0,0,0,3,Clear,clear-night,
Ann Arbor,2024-08-08T01:00:00,22.6,22.6,19.4,82.14,0,16.1,,0,0,16.9,10.1,226.9,1018,0.8,24.1,0,0,0,3,Clear,clear-night,
Ann Arbor,2024-08-08T02:00:00,22.2,22.2,19.3,83.64,0,16.1,,0,0,16.6,9.7,224.6,1018,0,24.1,0,0,0,5,Clear,clear-night,
Ann Arbor,2024-08-08T03:00:00,22.1,22.1,19.5,85.21,0,16.1,,0,0,16.2,9.4,228.7,1018,0,24.1,0,0,0,3,Clear,clear-night,
Ann Arbor,2024-08-08T04:00:00,22.1,22.1,19.7,86.27,0,16.1,,0,0,15.5,9.4,232.9,1018,0,24.1,0,0,0,3,Clear,clear-night,
Ann Arbor,2024-08-08T05:00:00,22,22,19.9,87.89,0,16.1,,0,0,15.1,9,237,1018,0,24.1,0,0,0,3,Clear,clear-night,
Ann Arbor,2024-08-08T06:00:00,22.1,22.1,20.4,90.1,0,16.1,,0,0,17.3,8.6,237,1018,2,24.1,10,0,0,3,Clear,clear-night,
Ann Arbor,2024-08-08T07:00:00,22.3,22.3,20.9,91.79,0,16.1,,0,0,19.8,8.6,237,1019,4,24.1,20,0.1,0,3,Clear,clear-day,
Ann Arbor,2024-08-08T08:00:00,22.4,22.4,21.4,94.08,0.1,16.1,rain,0,0,22,8.3,237,1019,6,24.1,30,0.1,0,3,Clear,clear-day,
Ann Arbor,2024-08-08T09:00:00,24.7,24.7,21.7,83.41,0,29,,0,0,22,10.4,252,1019,6.9,24.1,164,0.6,2,8,Clear,clear-day,
Ann Arbor,2024-08-08T10:00:00,27,29.1,22,74.13,0,29,,0,0,21.6,12.6,266.9,1019,7.8,24.1,298,1.1,3,60,Clear,clear-day,
Ann Arbor,2024-08-08T11:00:00,29.3,32.5,22.3,66.03,0,29,,0,0,21.6,14.8,281.9,1019,8.7,24.1,432,1.6,4,60,Clear,clear-day,
Ann Arbor,2024-08-08T12:00:00,30.1,33.5,22.2,62.67,0,29,,0,0,22,15.5,281.9,1019,8.2,24.1,552,2,6,75,Clear,clear-day,
Ann Arbor,2024-08-08T13:00:00,30.8,34.4,22.2,60.21,0,29,,0,0,22,16.2,281.9,1018,7.8,24.1,672,2.4,7,75,Clear,clear-day,
Ann Arbor,2024-08-08T14:00:00,31.6,35.3,22.1,57.18,0,29,,0,0,22.3,16.9,281.9,1018,7.3,24.1,792,2.9,8,75,Clear,clear-day,
Ann Arbor,2024-08-08T15:00:00,32,35.4,21.7,54.54,0,48.4,rain,0,0,22.7,18,279.8,1018,22.6,24.1,777,2.8,8,75,"Rain, Partially cloudy",rain,
Ann Arbor,2024-08-08T16:00:00,32.5,35.6,21.2,51.42,0,48.4,rain,0,0,22.7,18.7,277.8,1017,38,24.1,763,2.7,8,75,"Rain, Partially cloudy",rain,
Ann Arbor,2024-08-08T17:00:00,32.9,35.7,20.8,49.06,0,48.4,rain,0,0,23,19.8,275.7,1017,53.3,24.1,748,2.7,7,60,"Rain, Partially cloudy",rain,
Ann Arbor,2024-08-08T18:00:00,31.4,34.3,21.2,54.73,0,48.4,rain,0,0,27,18.7,266.8,1017,68.8,24.1,592,2.1,6,60,"Rain, Partially cloudy",rain,
Ann Arbor,2024-08-08T19:00:00,29.9,32.8,21.6,61.12,0,48.4,rain,0,0,31,18,257.8,1016,84.3,24.1,435,1.6,4,60,"Rain, Partially cloudy",rain,
Ann Arbor,2024-08-08T20:00:00,28.4,31.1,22,68.3,0,48.4,rain,0,0,34.9,16.9,248.9,1016,99.8,24.1,279,1,3,60,"Rain, Overcast",rain,
Ann Arbor,2024-08-08T21:00:00,27.1,29.2,21.8,72.8,0,45.2,rain,0,0,36.4,16.2,252.8,1016,68.2,24.1,186,0.7,0,60,"Rain, Partially cloudy",rain,
Ann Arbor,2024-08-08T22:00:00,25.9,25.9,21.6,77.19,0,45.2,rain,0,0,38.2,15.8,256.8,1017,36.6,24.1,93,0.3,0,60,"Rain, Partially cloudy",rain,
Ann Arbor,2024-08-08T23:00:00,24.6,24.6,21.4,82.39,0,45.2,rain,0,0,39.6,15.1,260.7,1017,5,24.1,0,0,0,30,Rain,rain,
